Last Name,First Name,SID,Email,Role,Section
Bell,Marcus,583920146,marcus.bell@example.edu,Student,02
Cole,Dana,840275163,dana.cole@example.edu,Student,02
Haddad,Omar,218473605,omar.haddad@example.edu,Student,03
Kim,Alex,471209385,alex.kim@example.edu,Student,01
Kin,Alex,471209358,alex.kin@example.edu,Student,01
Lee,Hannah,935120748,hannah.lee@example.edu,Student,02
Park,Grace,659302817,grace.park@example.edu,Student,04
Ramírez,José,764031928,jose.ramirez@example.edu,Student,04
Shah,Priya,302918475,priya.shah@example.edu,Student,01
Wu,Jonathan,120476859,jonathan.wu@example.edu,Student,03
